[
  {
    "name": "Painting",
    "images": ["exteriorMain", "exterior"],
    "description": "Want a more modernized look? Or do you simply want to try something new? The magic of colors is endless. You choose it, and we make it happen. We do residential Interior and Exterior painting."
  },
  {
    "name": "Kitchen Remodeling",
    "images": [
      "kitchenMain",
      "kitchen",
      "kitchen1",
      "kitchen2",
      "kitchen3",
      "kitchen4",
      "kitchen5",
      "kitchen6"
    ],
    "description": "Have you been looking at your kitchen lately and said to yourself \"I need a change?\" Well perfect, you have come to the right place. You dream it and we bring it to life."
  },
  {
    "name": "Bathroom Remodeling",
    "images": [
      "bathroomMain",
      "bathroom",
      "bathroom1",
      "bathroom2",
      "bathroom3",
      "bathroom4",
      "bathroom5",
      "bathroom6",
      "bathroom7",
      "bathroom8",
      "bathroom9",
      "bathroom10"
    ],
    "description": "Most people don't know this, but a bathroom is a very important part of your home. Our goal is to make it as nice and comfortable as possible so you can enjoy it every time you walk in. You design it, and we build it."
  },
  {
    "name": "Small Electrical Jobs",
    "images": ["electricalMain"],
    "description": "Your home security is a priority. Whether its a small outlet or switch replacement, or an installation of recessed lights. We can do it for you!"
  },
  {
    "name": "Decks",
    "images": ["deckMain"],
    "description": "If your house looks good, your deck should too! Enjoy the summer with a new and improved deck. "
  },
  {
    "name": "Flooring",
    "images": ["flooringMain", "flooring", "flooring1"],
    "description": "Have you ever imaged your floors differently? It is always a good time for a floor change. Whether it be from carpet to LVP, LVP to carpet, or even to hardwood, we guarantee you'll love your new floor!"
  }
]
